{
  "hash": "ad928919",
  "configHash": "60ac094f",
  "lockfileHash": "ce593737",
  "browserHash": "93f096a5",
  "optimized": {
    "@angular/core": {
      "src": "../../../../../../node_modules/@angular/core/fesm2022/core.mjs",
      "file": "@angular_core.js",
      "fileHash": "9f144aa0",
      "needsInterop": false
    },
    "@angular/platform-browser": {
      "src": "../../../../../../node_modules/@angular/platform-browser/fesm2022/platform-browser.mjs",
      "file": "@angular_platform-browser.js",
      "fileHash": "846e421e",
      "needsInterop": false
    },
    "@angular/router": {
      "src": "../../../../../../node_modules/@angular/router/fesm2022/router.mjs",
      "file": "@angular_router.js",
      "fileHash": "c174625c",
      "needsInterop": false
    },
    "zone.js": {
      "src": "../../../../../../node_modules/zone.js/fesm2015/zone.js",
      "file": "zone__js.js",
      "fileHash": "535f60a5",
      "needsInterop": true
    }
  },
  "chunks": {
    "chunk-T3FP3WK4": {
      "file": "chunk-T3FP3WK4.js"
    },
    "chunk-BZSXGGOF": {
      "file": "chunk-BZSXGGOF.js"
    }
  }
}